Sno,Country_of_origin,Return_time,Size1,Size2,Size3,Size4,Occassion
0,India,15.0,S,M,L,XL,Indo Western
1,India,15.0,S,M,L,XL,Indo Western
2,India,15.0,S,M,L,XL,Indo Western
3,--------,,S,M,L,XL,Indo Western
4,India,15.0,S,M,L,XL,Indo Western
5,--------,,S,M,L,XL,Indo Western
6,--------,,S,M,L,XL,Indo Western
7,--------,,S,M,L,XL,Indo Western
8,India,15.0,S,M,L,XL,Indo Western
9,India,15.0,S,M,L,XL,Indo Western
10,India,15.0,S,M,L,XL,Indo Western
11,India,15.0,S,M,L,XL,Indo Western
12,India,15.0,S,M,L,XL,Indo Western
13,India,15.0,S,M,L,XL,Indo Western
14,India,15.0,S,M,L,XL,Indo Western
15,India,15.0,S,M,L,XL,Indo Western
16,India,15.0,S,M,L,XL,Indo Western
17,India,15.0,S,M,L,XL,Indo Western
18,India,15.0,S,M,L,XL,Indo Western
19,--------,,S,M,L,XL,Indo Western
20,India,15.0,S,M,L,XL,Indo Western
21,--------,,S,M,L,XL,Indo Western
22,India,15.0,S,M,L,XL,Indo Western
23,India,15.0,S,M,L,XL,Indo Western
24,India,15.0,S,M,L,XL,Indo Western
25,India,15.0,S,M,L,XL,Indo Western
26,India,15.0,S,M,L,XL,Indo Western
27,India,15.0,S,M,L,XL,Indo Western
28,India,15.0,S,M,L,XL,Indo Western
29,India,15.0,S,M,L,XL,Indo Western
30,India,15.0,S,M,L,XL,Indo Western
31,India,15.0,S,M,L,XL,Indo Western
32,--------,,S,M,L,XL,Indo Western
33,India,15.0,S,M,L,XL,Indo Western
34,India,15.0,S,M,L,XL,Indo Western
35,--------,,S,M,L,XL,Indo Western
36,--------,,S,M,L,XL,Indo Western
37,India,15.0,S,M,L,XL,Indo Western
38,India,15.0,S,M,L,XL,Indo Western
39,India,15.0,S,M,L,XL,Indo Western
40,--------,,S,M,L,XL,Indo Western
41,India,15.0,S,M,L,XL,Indo Western
42,India,15.0,S,M,L,XL,Indo Western
43,India,15.0,S,M,L,XL,Indo Western
44,India,15.0,S,M,L,XL,Indo Western
45,India,15.0,S,M,L,XL,Indo Western
46,India,15.0,S,M,L,XL,Indo Western
47,--------,,S,M,L,XL,Indo Western
48,India,15.0,S,M,L,XL,Indo Western
49,--------,,S,M,L,XL,Indo Western
50,India,15.0,S,M,L,XL,Indo Western
51,--------,,S,M,L,XL,Indo Western
52,India,15.0,S,M,L,XL,Indo Western
53,India,15.0,S,M,L,XL,Indo Western
54,India,15.0,S,M,L,XL,Indo Western
55,India,15.0,S,M,L,XL,Indo Western
56,India,15.0,S,M,L,XL,Indo Western
57,India,15.0,S,M,L,XL,Indo Western
58,India,15.0,S,M,L,XL,Indo Western
59,India,15.0,S,M,L,XL,Indo Western
60,India,15.0,S,M,L,XL,Indo Western
61,India,15.0,S,M,L,XL,Indo Western
62,India,15.0,S,M,L,XL,Indo Western
63,India,15.0,S,M,L,XL,Indo Western
64,India,15.0,S,M,L,XL,Indo Western
65,--------,,S,M,L,XL,Indo Western
66,India,15.0,S,M,L,XL,Indo Western
67,India,15.0,S,M,L,XL,Indo Western
68,--------,,S,M,L,XL,Indo Western
69,India,15.0,S,M,L,XL,Indo Western
70,India,15.0,S,M,L,XL,Indo Western
71,India,15.0,S,M,L,XL,Indo Western
72,--------,,S,M,L,XL,Indo Western
73,--------,,S,M,L,XL,Indo Western
74,India,15.0,S,M,L,XL,Indo Western
75,--------,,S,M,L,XL,Indo Western
76,India,15.0,S,M,L,XL,Indo Western
77,India,15.0,S,M,L,XL,Indo Western
78,India,15.0,S,M,L,XL,Indo Western
79,India,15.0,S,M,L,XL,Indo Western
80,India,15.0,S,M,L,XL,Indo Western
81,--------,,S,M,L,XL,Indo Western
82,India,15.0,S,M,L,XL,Indo Western
83,India,15.0,S,M,L,XL,Indo Western
84,--------,,S,M,L,XL,Indo Western
85,--------,,S,M,L,XL,Indo Western
86,India,15.0,S,M,L,XL,Indo Western
87,India,15.0,S,M,L,XL,Indo Western
88,India,15.0,S,M,L,XL,Indo Western
89,India,15.0,S,M,L,XL,Indo Western
90,India,15.0,S,M,L,XL,Indo Western
91,--------,,S,M,L,XL,Indo Western
92,India,15.0,S,M,L,XL,Indo Western
93,India,15.0,S,M,L,XL,Indo Western
94,India,15.0,S,M,L,XL,Indo Western
95,India,15.0,S,M,L,XL,Indo Western
96,India,15.0,S,M,L,XL,Indo Western
97,India,15.0,S,M,L,XL,Indo Western
98,India,15.0,S,M,L,XL,Indo Western
99,India,15.0,S,M,L,XL,Indo Western
100,India,15.0,S,M,L,XL,Indo Western
101,India,15.0,S,M,L,XL,Indo Western
102,India,15.0,S,M,L,XL,Indo Western
103,India,15.0,S,M,L,XL,Indo Western
104,India,15.0,S,M,L,XL,Indo Western
105,--------,,S,M,L,XL,Indo Western
106,--------,,S,M,L,XL,Indo Western
107,India,15.0,S,M,L,XL,Indo Western
108,--------,,S,M,L,XL,Indo Western
109,--------,,S,M,L,XL,Indo Western
110,India,15.0,S,M,L,XL,Indo Western
111,India,15.0,S,M,L,XL,Indo Western
112,--------,,S,M,L,XL,Indo Western
113,--------,,S,M,L,XL,Indo Western
114,--------,,S,M,L,XL,Indo Western
115,India,15.0,S,M,L,XL,Indo Western
116,India,15.0,S,M,L,XL,Indo Western
117,India,15.0,S,M,L,XL,Indo Western
118,India,15.0,S,M,L,XL,Indo Western
119,India,15.0,S,M,L,XL,Indo Western
120,India,15.0,S,M,L,XL,Indo Western
121,--------,,S,M,L,XL,Indo Western
122,India,15.0,S,M,L,XL,Indo Western
123,--------,,S,M,L,XL,Indo Western
124,India,15.0,S,M,L,XL,Indo Western
125,India,15.0,S,M,L,XL,Indo Western
126,--------,,S,M,L,XL,Indo Western
127,--------,,S,M,L,XL,Indo Western
128,India,15.0,S,M,L,XL,Indo Western
129,--------,,S,M,L,XL,Indo Western
130,--------,,S,M,L,XL,Indo Western
131,--------,,S,M,L,XL,Indo Western
132,India,15.0,S,M,L,XL,Indo Western
133,India,15.0,S,M,L,XL,Indo Western
134,--------,,S,M,L,XL,Indo Western
135,India,15.0,S,M,L,XL,Indo Western
136,India,15.0,S,M,L,XL,Indo Western
137,India,15.0,S,M,L,XL,Indo Western
138,--------,,S,M,L,XL,Indo Western
139,--------,,S,M,L,XL,Indo Western
140,India,15.0,S,M,L,XL,Indo Western
141,--------,,S,M,L,XL,Indo Western
142,India,15.0,S,M,L,XL,Indo Western
143,India,15.0,S,M,L,XL,Indo Western
144,India,15.0,S,M,L,XL,Indo Western
145,India,15.0,S,M,L,XL,Indo Western
146,India,15.0,S,M,L,XL,Indo Western
147,India,15.0,S,M,L,XL,Indo Western
148,--------,,S,M,L,XL,Indo Western
149,--------,,S,M,L,XL,Indo Western
150,,15.0,32,34,36,38,Festive
151,,15.0,32,34,36,38,Festive
152,,15.0,32,34,36,38,Festive
153,,15.0,32,34,36,38,Festive
154,,15.0,32,34,36,38,Festive
155,,15.0,32,34,36,38,Festive
156,,15.0,32,34,36,38,Festive
157,,15.0,32,34,36,38,Festive
158,,15.0,32,34,36,38,Festive
159,,15.0,32,34,36,38,Festive
160,India,15.0,32,34,36,38,Festive
161,,15.0,32,34,36,38,Festive
162,India,15.0,32,34,36,38,Festive
163,,15.0,32,34,36,38,Festive
164,,15.0,32,34,36,38,Festive
165,,15.0,32,34,36,38,Festive
166,,15.0,32,34,36,38,Festive
167,,15.0,32,34,36,38,Festive
168,,15.0,32,34,36,38,Festive
169,,15.0,32,34,36,38,Festive
170,,15.0,32,34,36,38,Festive
171,,15.0,32,34,36,38,Festive
172,,15.0,32,34,36,38,Festive
173,,15.0,32,34,36,38,Festive
174,,15.0,32,34,36,38,Festive
175,,15.0,32,34,36,38,Festive
176,,15.0,32,34,36,38,Festive
177,,15.0,32,34,36,38,Festive
178,,15.0,32,34,36,38,Festive
179,,15.0,34,36,38,42,Festive
180,,15.0,32,34,36,38,Festive
181,,15.0,32,34,36,38,Festive
182,,15.0,32,34,36,38,Festive
183,,15.0,32,34,36,38,Festive
184,,15.0,32,34,36,38,Festive
185,,15.0,32,34,36,38,Festive
186,,15.0,32,34,36,38,Festive
187,,15.0,32,34,36,38,Festive
188,,15.0,32,34,36,38,Festive
189,,15.0,32,34,36,38,Festive
190,,15.0,32,34,36,38,Festive
191,,15.0,32,34,36,38,Festive
192,,15.0,32,34,36,38,Festive
193,,15.0,32,34,36,38,Festive
194,,15.0,32,34,36,38,Festive
195,,15.0,32,34,36,38,Festive
196,,15.0,32,34,36,38,Festive
197,,15.0,32,34,36,38,Festive
198,,15.0,32,34,36,38,Festive
199,,15.0,32,34,36,38,Festive
200,,15.0,32,34,36,38,Festive
201,,15.0,34,36,38,42,Festive
202,,15.0,32,34,36,38,Festive
203,,15.0,32,34,36,38,Festive
204,,15.0,32,34,36,38,Festive
205,,15.0,32,34,36,38,Festive
206,,15.0,32,34,36,38,Festive
207,,15.0,32,34,36,38,Festive
208,,15.0,32,34,36,38,Festive
209,,15.0,32,34,36,38,Festive
210,,15.0,32,34,36,38,Festive
211,,15.0,32,34,36,38,Festive
212,,15.0,32,34,36,38,Festive
213,India,15.0,32,34,36,38,Festive
214,,15.0,32,34,36,38,Festive
215,,15.0,32,34,36,38,Festive
216,,15.0,32,34,36,38,Festive
217,,15.0,32,34,36,38,Festive
218,,15.0,32,34,36,38,Festive
219,,15.0,32,34,36,38,Festive
220,,15.0,32,34,36,38,Festive
221,,15.0,32,34,36,38,Festive
222,,15.0,32,34,36,38,Festive
223,India,15.0,34,36,38,40,Festive
224,,15.0,32,34,36,38,Festive
225,,15.0,32,34,36,38,Festive
226,,15.0,32,34,36,38,Festive
227,,15.0,32,34,36,38,Festive
228,,15.0,32,34,36,38,Festive
229,,15.0,32,34,36,38,Festive
230,,15.0,32,34,36,38,Festive
231,India,15.0,32,34,36,38,Festive
232,,15.0,34,36,38,42,Festive
233,,15.0,32,34,36,38,Festive
234,,15.0,32,34,36,38,Festive
235,,15.0,32,34,36,38,Festive
236,India,15.0,32,34,36,38,Festive
237,India,15.0,32,34,36,38,Festive
238,India,15.0,32,34,36,38,Festive
239,,15.0,32,34,36,38,Festive
240,,15.0,32,34,36,38,Festive
241,,15.0,32,34,36,38,Festive
242,,15.0,32,34,36,38,Festive
243,,15.0,32,34,36,38,Festive
244,,15.0,32,34,36,38,Festive
245,,15.0,32,34,36,38,Festive
246,,15.0,32,34,36,38,Festive
247,,15.0,32,34,36,38,Festive
248,,15.0,32,34,36,38,Festive
249,India,15.0,32,34,36,38,Festive
250,India,15.0,34,36,38,42,Festive
251,India,15.0,32,34,36,38,Festive
252,India,15.0,32,34,36,38,Festive
253,India,15.0,32,34,36,38,Festive
254,India,15.0,32,34,36,38,Festive
255,India,15.0,32,34,36,38,Festive
256,India,15.0,32,34,36,38,Festive
257,India,15.0,32,34,36,38,Festive
258,India,15.0,32,34,36,38,Festive
259,India,15.0,32,34,36,38,Festive
260,India,15.0,32,34,36,38,Festive
261,India,15.0,32,34,36,38,Festive
262,India,15.0,32,34,36,38,Festive
263,India,15.0,32,34,36,38,Festive
264,India,15.0,32,34,36,38,Festive
265,India,15.0,32,34,36,38,Festive
266,India,15.0,32,34,36,38,Festive
267,India,15.0,32,34,36,38,Festive
268,India,15.0,32,34,36,38,Festive
269,India,15.0,32,34,36,38,Festive
270,India,15.0,34,36,38,42,Festive
271,India,15.0,32,34,36,38,Festive
272,India,15.0,32,34,36,38,Festive
273,India,15.0,32,34,36,38,Festive
274,India,15.0,32,34,36,38,Festive
275,India,15.0,32,34,36,38,Festive
276,IndiaIIndianIndiadIndiaiIndiaaIndia,15.0,32,34,36,38,Festive
277,India,15.0,32,34,36,38,Festive
278,India,15.0,32,34,36,38,Festive
279,India,15.0,32,34,36,38,Festive
280,India,15.0,34,36,38,42,Festive
281,India,15.0,32,34,36,38,Festive
282,India,15.0,34,36,38,42,Festive
283,India,15.0,32,34,36,38,Festive
284,India,15.0,32,34,36,38,Festive
285,India,15.0,32,34,36,38,Festive
286,India,15.0,32,34,36,38,Festive
287,India,15.0,32,34,36,38,Festive
288,India,15.0,32,34,36,38,Festive
289,India,15.0,32,34,36,38,Festive
290,India,15.0,32,34,36,38,Festive
291,India,15.0,32,34,36,38,Festive
292,India,15.0,32,34,36,38,Festive
293,India,15.0,34,36,38,42,Festive
294,India,15.0,32,34,36,38,Festive
295,India,15.0,32,34,36,38,Festive
296,India,15.0,32,34,36,38,Festive
297,India,15.0,32,34,36,38,Festive
298,India,15.0,32,34,36,38,Festive
299,India,15.0,34,36,38,42,Festive
300,India,15.0,32,34,36,38,Festive
301,India,15.0,32,34,36,38,Festive
302,India,15.0,32,34,36,38,Festive
303,India,15.0,32,34,36,38,Festive
304,India,15.0,32,34,36,38,Festive
305,India,15.0,32,34,36,38,Festive
306,India,15.0,32,34,36,38,Festive
307,India,15.0,32,34,36,38,Festive
308,India,15.0,32,34,36,38,Festive
309,India,15.0,32,34,36,38,Festive
310,India,15.0,32,34,36,38,Festive
311,India,15.0,32,34,36,38,Festive
312,India,15.0,32,34,36,38,Festive
313,India,15.0,32,34,36,38,Festive
314,India,15.0,32,34,36,38,Festive
315,India,15.0,32,34,36,38,Festive
316,IndiaIIndianIndiadIndiaiIndiaaIndia,15.0,32,34,36,38,Festive
317,India,15.0,32,34,36,38,Festive
318,India,15.0,32,34,36,38,Festive
319,India,15.0,32,34,36,38,Festive
320,IndiaIIndianIndiadIndiaiIndiaaIndia,15.0,34,36,38,--------,Festive
321,IndiaIIndianIndiadIndiaiIndiaaIndia,15.0,32,34,36,38,Festive
322,India,15.0,32,34,36,38,Festive
323,IndiaIIndianIndiadIndiaiIndiaaIndia,15.0,32,34,36,38,Festive
324,India,15.0,32,34,36,38,Festive
325,India,15.0,32,34,36,38,Festive
326,India,15.0,32,34,36,38,Festive
327,India,15.0,32,34,36,38,Festive
328,India,15.0,32,34,36,38,Festive
329,India,15.0,32,34,36,38,Festive
330,India,15.0,32,34,36,38,Festive
331,India,15.0,32,34,36,38,Festive
332,India,15.0,32,34,36,38,Festive
333,India,15.0,32,34,36,38,Festive
334,India,15.0,32,34,36,38,Festive
335,India,15.0,32,34,36,38,Festive
336,India,15.0,32,34,36,38,Festive
337,India,15.0,32,34,36,38,Festive
338,India,15.0,32,34,36,38,Festive
339,India,15.0,32,34,36,38,Festive
340,India,15.0,32,34,36,38,Festive
341,India,15.0,32,34,36,38,Festive
342,India,15.0,32,34,36,38,Festive
343,India,15.0,32,34,36,38,Festive
344,India,15.0,32,34,36,38,Festive
345,India,15.0,32,34,36,38,Festive
346,India,15.0,32,34,36,38,Festive
347,India,15.0,32,34,36,38,Festive
348,India,15.0,32,34,36,38,Festive
349,India,15.0,32,34,36,38,Festive
350,India,15.0,32,34,36,38,Festive
351,India,15.0,32,34,36,38,Festive
352,India,15.0,34,36,38,40,Festive
353,India,15.0,32,34,36,38,Festive
354,India,15.0,32,34,36,38,Festive
355,India,15.0,32,34,36,38,Festive
356,India,15.0,32,34,36,38,Festive
357,India,15.0,32,34,36,38,Festive
358,India,15.0,34,36,38,42,Festive
359,India,15.0,34,36,38,40,Festive
360,India,15.0,32,34,36,38,Festive
361,India,15.0,32,34,36,38,Festive
362,India,15.0,34,36,38,40,Festive
363,India,15.0,32,34,36,38,Festive
364,India,15.0,32,34,36,38,Festive
365,IndiaIIndianIndiadIndiaiIndiaaIndia,15.0,32,34,36,38,Festive
366,India,15.0,34,36,38,--------,Festive
367,India,15.0,30,32,34,36,Festive
368,IndiaIIndianIndiadIndiaiIndiaaIndia,15.0,32,34,36,38,Festive
369,India,15.0,32,34,36,38,Festive
370,India,15.0,32,34,36,38,Festive
371,India,15.0,32,34,36,38,Festive
372,India,15.0,32,34,36,38,Festive
373,India,15.0,34,36,38,40,Festive
374,India,15.0,32,34,36,38,Festive
375,IndiaIIndianIndiadIndiaiIndiaaIndia,15.0,32,34,36,38,Festive
376,India,15.0,32,34,36,38,Festive
377,India,15.0,32,34,36,38,Festive
378,India,15.0,32,34,36,38,Festive
379,India,15.0,32,34,36,38,Festive
380,India,15.0,34,36,38,40,Festive
381,IndiaIIndianIndiadIndiaiIndiaaIndia,15.0,32,34,36,38,Festive
382,India,15.0,32,34,36,38,Festive
383,India,15.0,32,34,36,38,Festive
384,India,15.0,32,34,36,38,Festive
385,India,15.0,32,34,36,38,Festive
386,India,15.0,32,34,36,38,Festive
387,India,15.0,32,34,36,38,Festive
388,India,15.0,32,34,36,38,Festive
389,India,15.0,32,34,36,38,Festive
390,India,15.0,32,34,36,38,Festive
391,India,15.0,32,34,36,38,Festive
392,India,15.0,32,34,36,38,Festive
393,India,15.0,32,34,36,38,Festive
394,IndiaIIndianIndiadIndiaiIndiaaIndia,15.0,32,34,36,38,Festive
395,India,15.0,30,32,34,36,Festive
396,India,15.0,32,34,36,38,Festive
397,India,15.0,32,34,36,38,Festive
398,India,15.0,32,34,36,38,Festive
399,India,15.0,32,34,36,38,Festive
400,India,15.0,34,36,38,40,Festive
401,India,15.0,32,34,36,38,Festive
402,India,15.0,32,34,36,38,Festive
403,India,15.0,32,34,36,38,Festive
404,India,15.0,32,34,36,38,Festive
405,India,15.0,30,32,34,36,Festive
406,India,15.0,32,34,36,38,Festive
407,India,15.0,32,34,36,38,Festive
408,India,15.0,32,34,36,38,Festive
409,India,15.0,32,34,36,38,Festive
410,India,15.0,32,34,36,38,Festive
411,India,15.0,32,34,36,38,Festive
412,India,15.0,32,34,36,38,Festive
413,IndiaIIndianIndiadIndiaiIndiaaIndia,15.0,32,34,36,38,Festive
414,India,15.0,32,34,36,38,Festive
415,India,15.0,32,34,36,38,Festive
416,India,15.0,32,34,36,38,Festive
417,IndiaIIndianIndiadIndiaiIndiaaIndia,15.0,32,34,36,38,Festive
418,India,15.0,32,34,36,38,Festive
419,India,15.0,32,34,36,38,Festive
420,India,15.0,32,34,36,38,Festive
421,India,15.0,32,34,36,38,Festive
422,India,15.0,32,34,36,38,Festive
423,India,15.0,32,34,36,38,Festive
424,India,15.0,32,34,36,38,Festive
425,India,15.0,30,32,34,36,Festive
426,India,15.0,32,34,36,38,Festive
427,India,15.0,32,34,36,38,Festive
428,India,15.0,30,32,34,36,Festive
429,IndiaIIndianIndiadIndiaiIndiaaIndia,15.0,32,34,36,38,Festive
430,India,15.0,30,32,34,36,Festive
431,India,15.0,30,32,34,36,Festive
432,India,15.0,32,34,36,38,Festive
433,India,15.0,32,34,36,38,Festive
434,India,15.0,32,34,36,38,Festive
435,India,15.0,32,34,36,38,Festive
436,India,15.0,32,34,36,38,Festive
437,India,15.0,32,34,36,38,Festive
438,India,15.0,32,34,36,38,Festive
439,India,15.0,32,34,36,38,Festive
440,India,15.0,32,34,36,38,Festive
441,India,15.0,32,34,36,38,Festive
442,India,15.0,32,34,36,38,Festive
443,India,15.0,32,34,36,38,Festive
444,India,15.0,32,34,36,38,Festive
445,India,15.0,32,34,36,38,Festive
446,India,15.0,32,34,36,38,Festive
447,India,15.0,32,34,36,38,Festive
448,India,15.0,32,34,36,38,Festive
449,India,15.0,32,34,36,38,Festive
450,India,30.0,2-3Y,3-4Y,4-5Y,5-6Y,Western wear
451,India,30.0,8-9Y,9-10Y,11-12Y,13-14Y,Western wear
452,India,30.0,2-3Y,3-4Y,4-5Y,5-6Y,--------
453,India,30.0,1-2Y,2-3Y,3-4Y,4-5Y,Western wear
454,India,30.0,2-3Y,3-4Y,4-5Y,5-6Y,Western wear
455,India,30.0,8-9Y,9-10Y,11-12Y,13-14Y,Western wear
456,India,30.0,8-9Y,9-10Y,11-12Y,13-14Y,Western wear
457,India,30.0,2-3Y,3-4Y,4-5Y,5-6Y,Western wear
458,India,30.0,6-9 M,9-12 M,12-18 M,18-24 M,Western wear
459,India,30.0,--------,--------,--------,--------,Western wear
460,India,30.0,8-9Y,9-10Y,11-12Y,13-14Y,Western wear
461,India,30.0,8-9Y,9-10Y,11-12Y,13-14Y,Western wear
462,India,30.0,8-9Y,9-10Y,11-12Y,13-14Y,Western wear
463,India,30.0,8-9Y,9-10Y,11-12Y,13-14Y,Western wear
464,India,30.0,8-9Y,9-10Y,11-12Y,13-14Y,Western wear
465,India,30.0,2-3Y,3-4Y,4-5Y,5-6Y,Western wear
466,India,30.0,8-9Y,9-10Y,11-12Y,13-14Y,Western wear
467,India,30.0,8-9Y,9-10Y,11-12Y,13-14Y,Western wear
468,India,30.0,8-9Y,9-10Y,11-12Y,13-14Y,Western wear
469,India,30.0,8-9Y,9-10Y,11-12Y,13-14Y,Western wear
470,India,30.0,8-9Y,9-10Y,11-12Y,13-14Y,Western wear
471,India,30.0,6-9 M,9-12 M,12-18 M,18-24 M,Western wear
472,India,30.0,8-9Y,9-10Y,11-12Y,13-14Y,Western wear
473,India,30.0,8-9Y,9-10Y,11-12Y,13-14Y,Western wear
474,India,30.0,2-3Y,3-4Y,4-5Y,5-6Y,Western wear
475,India,30.0,3-6 M,6-9 M,9-12 M,12-18 M,Western wear
476,India,30.0,1-2Y,2-3Y,3-4Y,5-6Y,Western wear
477,India,30.0,3-6 M,6-9 M,9-12 M,12-18 M,Western wear
478,India,30.0,3-6 M,6-9 M,9-12 M,12-18 M,Western wear
479,India,30.0,2-3Y,3-4Y,4-5Y,5-6Y,Western wear
480,India,30.0,3-6 M,6-9 M,9-12 M,12-18 M,Western wear
481,India,30.0,2-3Y,3-4Y,4-5Y,5-6Y,Western wear
482,India,30.0,2-3Y,3-4Y,4-5Y,5-6Y,Western wear
483,India,30.0,2-3Y,3-4Y,4-5Y,5-6Y,Western wear
484,India,30.0,2-3Y,3-4Y,4-5Y,5-6Y,Western wear
485,India,30.0,3-6 M,6-9 M,9-12 M,12-18 M,Western wear
486,India,30.0,2-3Y,3-4Y,4-5Y,5-6Y,Western wear
487,India,30.0,3-6 M,6-9 M,9-12 M,12-18 M,Western wear
488,India,30.0,2-3Y,3-4Y,4-5Y,5-6Y,Western wear
489,India,30.0,3-6 M,6-9 M,9-12 M,12-18 M,Western wear
490,India,30.0,2-3Y,3-4Y,4-5Y,5-6Y,Western wear
491,India,30.0,2-3Y,3-4Y,4-5Y,5-6Y,Western wear
492,India,30.0,2-3Y,3-4Y,4-5Y,5-6Y,Western wear
493,India,30.0,2-3Y,3-4Y,4-5Y,5-6Y,Western wear
494,India,30.0,2-3Y,3-4Y,4-5Y,5-6Y,Western wear
495,India,30.0,8-9Y,9-10Y,11-12Y,13-14Y,Western wear
496,India,30.0,3-6 M,6-9 M,9-12 M,12-18 M,Western wear
497,India,30.0,3-6 M,6-9 M,9-12 M,12-18 M,Western wear
498,India,30.0,3-6 M,6-9 M,9-12 M,12-18 M,Western wear
499,India,30.0,8-9Y,9-10Y,11-12Y,13-14Y,Western wear
500,India,30.0,3-6 M,6-9 M,9-12 M,12-18 M,Western wear
501,India,30.0,3-6 M,6-9 M,9-12 M,12-18 M,Western wear
502,India,30.0,3-6 M,6-9 M,9-12 M,12-18 M,Western wear
503,India,30.0,2-3Y,3-4Y,4-5Y,5-6Y,Western wear
504,India,30.0,8-9Y,9-10Y,11-12Y,13-14Y,Western wear
505,India,30.0,2-3Y,3-4Y,4-5Y,5-6Y,Western wear
506,India,30.0,3-6 M,6-9 M,9-12 M,12-18 M,Western wear
507,India,30.0,3-6 M,6-9 M,9-12 M,12-18 M,Western wear
508,India,30.0,3-6 M,6-9 M,9-12 M,12-18 M,Western wear
509,India,30.0,3-6 M,6-9 M,9-12 M,12-18 M,Western wear
510,India,30.0,8-9Y,9-10Y,11-12Y,13-14Y,Western wear
511,India,30.0,8-9Y,9-10Y,11-12Y,13-14Y,Western wear
512,India,30.0,3-6 M,6-9 M,9-12 M,12-18 M,Western wear
513,India,30.0,8-9Y,9-10Y,11-12Y,13-14Y,Western wear
514,India,30.0,3-6 M,6-9 M,9-12 M,12-18 M,Western wear
515,India,30.0,3-6 M,6-9 M,9-12 M,12-18 M,Western wear
516,India,30.0,3-6 M,6-9 M,9-12 M,12-18 M,Western wear
517,India,30.0,2-3Y,3-4Y,4-5Y,5-6Y,Western wear
518,India,30.0,3-6 M,6-9 M,9-12 M,12-18 M,Western wear
519,India,30.0,3-6 M,6-9 M,9-12 M,12-18 M,Western wear
520,India,30.0,3-6 M,6-9 M,9-12 M,12-18 M,Western wear
521,India,30.0,2-3Y,3-4Y,4-5Y,5-6Y,Western wear
522,India,30.0,2-3Y,3-4Y,4-5Y,5-6Y,Western wear
523,India,30.0,8-9Y,9-10Y,11-12Y,13-14Y,Western wear
524,India,30.0,3-6 M,6-9 M,9-12 M,12-18 M,Western wear
525,India,30.0,3-6 M,6-9 M,9-12 M,12-18 M,Western wear
526,India,30.0,3-6 M,6-9 M,9-12 M,12-18 M,Western wear
527,India,30.0,3-6 M,6-9 M,9-12 M,12-18 M,Western wear
528,India,30.0,3-6 M,6-9 M,9-12 M,12-18 M,Western wear
529,India,30.0,2-3Y,3-4Y,4-5Y,5-6Y,Western wear
530,India,30.0,2-3Y,3-4Y,4-5Y,5-6Y,Western wear
531,India,30.0,2-3Y,3-4Y,4-5Y,5-6Y,Western wear
532,India,30.0,3-6 M,6-9 M,9-12 M,12-18 M,Western wear
533,India,30.0,3-6 M,6-9 M,9-12 M,12-18 M,Western wear
534,India,30.0,3-6 M,6-9 M,9-12 M,12-18 M,Western wear
535,India,30.0,8-9Y,9-10Y,11-12Y,13-14Y,Western wear
536,India,30.0,2-3Y,3-4Y,4-5Y,5-6Y,Western wear
537,India,30.0,8-9Y,9-10Y,11-12Y,13-14Y,Western wear
538,India,30.0,2-3Y,3-4Y,4-5Y,5-6Y,Western wear
539,India,30.0,2-3Y,3-4Y,4-5Y,5-6Y,Western wear
540,India,30.0,2-3Y,3-4Y,4-5Y,5-6Y,Western wear
541,India,30.0,2-3Y,3-4Y,4-5Y,5-6Y,Western wear
542,India,30.0,2-3Y,3-4Y,4-5Y,5-6Y,Western wear
543,India,30.0,2-3Y,3-4Y,4-5Y,5-6Y,Western wear
544,India,30.0,3-6 M,6-9 M,9-12 M,12-18 M,Western wear
545,India,30.0,3-6 M,6-9 M,9-12 M,12-18 M,Western wear
546,India,30.0,3-6 M,6-9 M,9-12 M,12-18 M,Western wear
547,India,30.0,3-6 M,6-9 M,9-12 M,12-18 M,Western wear
548,India,30.0,3-6 M,6-9 M,9-12 M,12-18 M,Western wear
549,India,30.0,3-6 M,6-9 M,9-12 M,12-18 M,Western wear
550,India,14.0,1-2 Y,2-3 Y,3-4 Y,5-6 Y,Casual Wear
551,India,14.0,1-2 Y,2-3 Y,3-4 Y,5-6 Y,Casual Wear
552,India,14.0,1-2 Y,2-3 Y,3-4 Y,5-6 Y,Casual Wear
553,India,14.0,2-3 Y,3-4 Y,5-6 Y,7-8 Y,Casual Wear
554,India,14.0,11-12 Y,13-14 Y,15-16 Y,8-9 Y,1
555,India,,11-12 Y,13-14 Y,2-3 Y,3-4 Y,1
556,1,14.0,2-3 Y,3-4 Y,5-6 Y,7-8 Y,Casual Wear
557,India,,11-12 Y,13-14 Y,15-16 Y,9-10 Y,Checks
558,India,14.0,11-12 Y,2-3 Y,3-4 Y,5-6 Y,Casual Wear
559,India,14.0,2-3 Y,3-4 Y,5-6 Y,7-8 Y,Graphic Print
560,India,14.0,10-11 YEARS,12-13 Y,14-15 Y,16-17Y,Casual Wear
561,India,,2-3 Y,3-4 Y,5-6 Y,7-8 Y,Casual Wear
562,India,14.0,2-3 Y,3-4 Y,5-6 Y,7-8 Y,Casual Wear
563,India,,11-12 Y,13-14 Y,15-16 Y,9-10 Y,Casual Wear
564,India,14.0,1-2 Y,2-3 Y,3-4 Y,5-6 Y,Casual Wear
565,India,14.0,2-3 Y,3-4 Y,5-6 Y,7-8 Y,Casual Wear
566,India,,11-12 Y,13-14 Y,8-9 Y,9-10 Y,Shorts
567,India,,2-3 Y,3-4 Y,5-6 Y,7-8 Y,Casual Wear
568,India,14.0,2-3 Y,3-4 Y,5-6 Y,7-8 Y,Casual Wear
569,India,14.0,2-3 Y,3-4 Y,5-6 Y,7-8 Y,Casual Wear
570,India,,2-3 Y,3-4 Y,5-6 Y,7-8 Y,Casual Wear
571,1,14.0,11-12 Y,13-14 Y,15-16 Y,8-9 Y,Printed
572,India,14.0,11-12 Y,13-14 Y,9-10 Y,--------,Casual Wear
573,India,14.0,2-3 Y,3-4 Y,5-6 Y,7-8 Y,Casual Wear
574,India,,2-3 Y,3-4 Y,5-6 Y,7-8 Y,Casual Wear
575,India,,11-12 Y,13-14 Y,15-16 Y,9-10 Y,Casual Wear
576,India,14.0,1-2 Y,2-3 Y,3-4 Y,5-6 Y,Casual Wear
577,India,14.0,11-12 Y,13-14 Y,15-16 Y,9-10 Y,Solid
578,India,,2-3 Y,3-4 Y,5-6 Y,7-8 Y,Casual Wear
579,India,14.0,11-12 Y,13-14 Y,15-16 Y,8-9 Y,Casual Wear
580,India,,2-3 Y,3-4 Y,5-6 Y,7-8 Y,Casual Wear
581,India,,11-12 Y,13-14 Y,15-16 Y,9-10 Y,Casual Wear
582,India,14.0,11-12 YEARS,13-14 Y,15-16 Y,5-6 Y,Casual Wear
583,India,14.0,1-2 Y,2-3 Y,3-4 Y,5-6 Y,Casual Wear
584,India,,2-3 Y,3-4 Y,5-6 Y,7-8 Y,Casual Wear
585,India,14.0,2-3 Y,3-4 Y,5-6 Y,7-8 Y,Casual Wear
586,India,,2-3 Y,3-4 Y,5-6 Y,7-8 Y,Casual Wear
587,India,,11-12 Y,13-14 Y,15-16 Y,9-10 Y,Casual Wear
588,India,,11-12 Y,13-14 Y,15-16 Y,9-10 Y,Casual Wear
589,India,14.0,2-3 Y,3-4 Y,5-6 Y,7-8 Y,Casual Wear
590,India,14.0,2-3 Y,3-4 Y,5-6 Y,7-8 Y,Color Block
591,India,14.0,2-3 Y,3-4 Y,5-6 Y,7-8 Y,Casual Wear
592,India,14.0,2-3 Y,3-4 Y,5-6 Y,7-8 Y,Casual Wear
593,India,,11-12 Y,13-14 Y,15-16 Y,9-10 Y,Casual Wear
594,India,,2-3Y,3-4Y,5-6Y,7-8Y,Knitted
595,India,,11-12 Y,13-14 Y,15-16 Y,9-10 Y,Casual Wear
596,India,14.0,1-2 Y,2-3 Y,3-4 Y,5-6 Y,Casual Wear
597,India,,11-12 Y,13-14 Y,15-16 Y,9-10 Y,Casual Wear
598,India,,2-3 Y,3-4 Y,5-6 Y,7-8 Y,Shirts
599,India,14.0,2-3 Y,3-4 Y,5-6 Y,7-8 Y,Casual Wear
600,--------,,11-12 Y,13-14 Y,15-16 Y,9-10 Y,--------
601,India,14.0,2-3 Y,3-4 Y,5-6 Y,7-8 Y,Casual Wear
602,India,14.0,11-12 Y,13-14 Y,15-16 Y,8-9 Y,Casual Wear
603,India,,2-3 Y,3-4 Y,5-6 Y,7-8 Y,Casual Wear
604,India,,11-12 YEARS,2-3 YR,3-4 YR,5-6 YR,Full Sleeves
605,India,14.0,2-3 Y,3-4 Y,5-6 Y,7-8 Y,Shirts
606,India,,2-3 Y,3-4 Y,5-6 Y,7-8 Y,Casual Wear
607,India,,11-12 Y,13-14 Y,15-16 Y,9-10 Y,Casual Wear
608,India,,2-3 Y,3-4 Y,5-6 Y,7-8 Y,Casual Wear
609,India,,2-3 Y,3-4 Y,5-6 Y,7-8 Y,1
